<?xml version="1.0" encoding="UTF-8"?>
<export version="E">
  <design>
    <source>R:\DOC\KiCad6\R16FR\FTR105 _V1.0\ftr105.kicad_sch</source>
    <date>2023/09/18 10:40:34</date>
    <tool>Eeschema (6.0.4)</tool>
    <sheet number="1" name="/" tstamps="/">
      <title_block>
        <title>FTR105 by R16FR</title>
        <company>Ohe MFG.</company>
        <rev>Ver. 1.0</rev>
        <date>2023-09-17</date>
        <source>ftr105.kicad_sch</source>
        <comment number="1" value="Change MIC_GAIN DIR"/>
        <comment number="2" value="Cut M2073 INA+ "/>
        <comment number="3" value="Add POWER LED"/>
        <comment number="4" value=""/>
        <comment number="5" value=""/>
        <comment number="6" value=""/>
        <comment number="7" value=""/>
        <comment number="8" value=""/>
        <comment number="9" value=""/>
      </title_block>
    </sheet>
  </design>
  <components>
    <comp ref="AF_GAIN1">
      <value>10KB</value>
      <footprint>0oe_Library:TSR-3386T</footprint>
      <libsource lib="Device" part="R_Potentiometer" description="Potentiometer"/>
      <property name="Sheetname" value=""/>
      <property name="Sheetfile" value="ftr105.kicad_sch"/>
      <sheetpath names="/" tstamps="/"/>
      <tstamps>c1e6fe52-7e9f-4e57-8124-de3350fe9d71</tstamps>
    </comp>
    <comp ref="C1">
      <value>0.01u</value>
      <footprint>Capacitor_THT:C_Disc_D4.3mm_W1.9mm_P5.00mm</footprint>
      <libsource lib="Device" part="C" description="Unpolarized capacitor"/>
      <property name="Sheetname" value=""/>
      <property name="Sheetfile" value="ftr105.kicad_sch"/>
      <sheetpath names="/" tstamps="/"/>
      <tstamps>4e0dc70c-a37e-4ea7-b662-64e821dc5466</tstamps>
    </comp>
    <comp ref="C2">
      <value>0.22u</value>
      <footprint>Capacitor_THT:C_Disc_D4.3mm_W1.9mm_P5.00mm</footprint>
      <libsource lib="Device" part="C" description="Unpolarized capacitor"/>
      <property name="Sheetname" value=""/>
      <property name="Sheetfile" value="ftr105.kicad_sch"/>
      <sheetpath names="/" tstamps="/"/>
      <tstamps>79520194-0693-447c-bab3-3f8fb233782a</tstamps>
    </comp>
    <comp ref="C3">
      <value>10u</value>
      <footprint>Capacitor_THT:CP_Radial_D5.0mm_P2.00mm</footprint>
      <libsource lib="Device" part="C_Polarized" description="Polarized capacitor"/>
      <property name="Sheetname" value=""/>
      <property name="Sheetfile" value="ftr105.kicad_sch"/>
      <sheetpath names="/" tstamps="/"/>
      <tstamps>06f2c5d0-6a52-483d-8fe7-eceb3c6ecfb9</tstamps>
    </comp>
    <comp ref="C4">
      <value>10u</value>
      <footprint>Capacitor_THT:CP_Radial_D5.0mm_P2.00mm</footprint>
      <libsource lib="Device" part="C_Polarized" description="Polarized capacitor"/>
      <property name="Sheetname" value=""/>
      <property name="Sheetfile" value="ftr105.kicad_sch"/>
      <sheetpath names="/" tstamps="/"/>
      <tstamps>a6d32119-8ab7-4155-a373-b37df7180991</tstamps>
    </comp>
    <comp ref="C5">
      <value>10u</value>
      <footprint>Capacitor_THT:CP_Radial_D5.0mm_P2.00mm</footprint>
      <libsource lib="Device" part="C_Polarized" description="Polarized capacitor"/>
      <property name="Sheetname" value=""/>
      <property name="Sheetfile" value="ftr105.kicad_sch"/>
      <sheetpath names="/" tstamps="/"/>
      <tstamps>2ac89cd0-0964-491b-af51-ce314a11ed8e</tstamps>
    </comp>
    <comp ref="C6">
      <value>10u</value>
      <footprint>Capacitor_THT:CP_Radial_D5.0mm_P2.00mm</footprint>
      <libsource lib="Device" part="C_Polarized" description="Polarized capacitor"/>
      <property name="Sheetname" value=""/>
      <property name="Sheetfile" value="ftr105.kicad_sch"/>
      <sheetpath names="/" tstamps="/"/>
      <tstamps>548c9669-5e51-4df8-ba43-4db88b393099</tstamps>
    </comp>
    <comp ref="C7">
      <value>470u</value>
      <footprint>Capacitor_THT:CP_Radial_D8.0mm_P3.50mm</footprint>
      <libsource lib="Device" part="C_Polarized" description="Polarized capacitor"/>
      <property name="Sheetname" value=""/>
      <property name="Sheetfile" value="ftr105.kicad_sch"/>
      <sheetpath names="/" tstamps="/"/>
      <tstamps>8ea7f35e-f728-4f8d-a0dd-8449233896de</tstamps>
    </comp>
    <comp ref="C8">
      <value>0.1u</value>
      <footprint>Capacitor_THT:C_Disc_D4.3mm_W1.9mm_P5.00mm</footprint>
      <libsource lib="Device" part="C" description="Unpolarized capacitor"/>
      <property name="Sheetname" value=""/>
      <property name="Sheetfile" value="ftr105.kicad_sch"/>
      <sheetpath names="/" tstamps="/"/>
      <tstamps>14690f2e-a8b7-4137-850b-0ad8cb44481e</tstamps>
    </comp>
    <comp ref="C9">
      <value>0.22u</value>
      <footprint>Capacitor_THT:C_Disc_D4.3mm_W1.9mm_P5.00mm</footprint>
      <libsource lib="Device" part="C" description="Unpolarized capacitor"/>
      <property name="Sheetname" value=""/>
      <property name="Sheetfile" value="ftr105.kicad_sch"/>
      <sheetpath names="/" tstamps="/"/>
      <tstamps>936d8258-2c19-44dc-b68e-e58f748e589e</tstamps>
    </comp>
    <comp ref="C10">
      <value>470u</value>
      <footprint>Capacitor_THT:CP_Radial_D8.0mm_P3.50mm</footprint>
      <libsource lib="Device" part="C_Polarized" description="Polarized capacitor"/>
      <property name="Sheetname" value=""/>
      <property name="Sheetfile" value="ftr105.kicad_sch"/>
      <sheetpath names="/" tstamps="/"/>
      <tstamps>71cba565-7bbf-47f8-a7ff-3d146ddaafce</tstamps>
    </comp>
    <comp ref="C11">
      <value>10u</value>
      <footprint>Capacitor_THT:CP_Radial_D5.0mm_P2.00mm</footprint>
      <libsource lib="Device" part="C_Polarized" description="Polarized capacitor"/>
      <property name="Sheetname" value=""/>
      <property name="Sheetfile" value="ftr105.kicad_sch"/>
      <sheetpath names="/" tstamps="/"/>
      <tstamps>b67e4f83-c9f9-40f1-ba2c-4c66415ad1c7</tstamps>
    </comp>
    <comp ref="C12">
      <value>10u</value>
      <footprint>Capacitor_THT:CP_Radial_D5.0mm_P2.00mm</footprint>
      <libsource lib="Device" part="C_Polarized" description="Polarized capacitor"/>
      <property name="Sheetname" value=""/>
      <property name="Sheetfile" value="ftr105.kicad_sch"/>
      <sheetpath names="/" tstamps="/"/>
      <tstamps>9a13f697-fc26-4c16-935c-076509cd6a4f</tstamps>
    </comp>
    <comp ref="C13">
      <value>10u</value>
      <footprint>Capacitor_THT:CP_Radial_D5.0mm_P2.00mm</footprint>
      <libsource lib="Device" part="C_Polarized" description="Polarized capacitor"/>
      <property name="Sheetname" value=""/>
      <property name="Sheetfile" value="ftr105.kicad_sch"/>
      <sheetpath names="/" tstamps="/"/>
      <tstamps>f4cc3b42-c428-464f-9507-6e14a234bf1f</tstamps>
    </comp>
    <comp ref="C14">
      <value>0.1u</value>
      <footprint>Capacitor_THT:C_Disc_D4.3mm_W1.9mm_P5.00mm</footprint>
      <libsource lib="Device" part="C" description="Unpolarized capacitor"/>
      <property name="Sheetname" value=""/>
      <property name="Sheetfile" value="ftr105.kicad_sch"/>
      <sheetpath names="/" tstamps="/"/>
      <tstamps>dc2878cb-be21-461f-b890-2b441b974fd0</tstamps>
    </comp>
    <comp ref="C15">
      <value>10u</value>
      <footprint>Capacitor_THT:CP_Radial_D5.0mm_P2.00mm</footprint>
      <libsource lib="Device" part="C_Polarized" description="Polarized capacitor"/>
      <property name="Sheetname" value=""/>
      <property name="Sheetfile" value="ftr105.kicad_sch"/>
      <sheetpath names="/" tstamps="/"/>
      <tstamps>8f0e955c-8ec0-431e-bdca-da5e3a34cd99</tstamps>
    </comp>
    <comp ref="C16">
      <value>4700p</value>
      <footprint>Capacitor_THT:C_Disc_D4.3mm_W1.9mm_P5.00mm</footprint>
      <libsource lib="Device" part="C" description="Unpolarized capacitor"/>
      <property name="Sheetname" value=""/>
      <property name="Sheetfile" value="ftr105.kicad_sch"/>
      <sheetpath names="/" tstamps="/"/>
      <tstamps>52f14daf-2c77-4fc2-8d0b-22c41a241c04</tstamps>
    </comp>
    <comp ref="D1">
      <value>OS5RKA5111P</value>
      <footprint>LED_THT:LED_D5.0mm_Horizontal_O3.81mm_Z3.0mm</footprint>
      <libsource lib="Device" part="LED" description="Light emitting diode"/>
      <property name="Sheetname" value=""/>
      <property name="Sheetfile" value="ftr105.kicad_sch"/>
      <sheetpath names="/" tstamps="/"/>
      <tstamps>eb07d56f-f422-47f8-a77c-116755e1dce1</tstamps>
    </comp>
    <comp ref="D2">
      <value>S7183</value>
      <footprint>LED_THT:LED_Rectangular_W5.0mm_H2.0mm</footprint>
      <libsource lib="Device" part="D_Photo" description="Photodiode"/>
      <property name="Sheetname" value=""/>
      <property name="Sheetfile" value="ftr105.kicad_sch"/>
      <sheetpath names="/" tstamps="/"/>
      <tstamps>ceabac15-09fc-48d9-ab51-45ab83de9acb</tstamps>
    </comp>
    <comp ref="D3">
      <value>LED</value>
      <footprint>LED_THT:LED_D3.0mm</footprint>
      <libsource lib="Device" part="LED" description="Light emitting diode"/>
      <property name="Sheetname" value=""/>
      <property name="Sheetfile" value="ftr105.kicad_sch"/>
      <sheetpath names="/" tstamps="/"/>
      <tstamps>062f6c01-892e-4432-b018-78dd0c56a985</tstamps>
    </comp>
    <comp ref="J1">
      <value>KEY_IN</value>
      <footprint>Connector_Audio:Jack_3.5mm_Switronic_ST-005-G_horizontal</footprint>
      <libsource lib="Connector" part="AudioJack3" description="Audio Jack, 3 Poles (Stereo / TRS)"/>
      <property name="Sheetname" value=""/>
      <property name="Sheetfile" value="ftr105.kicad_sch"/>
      <sheetpath names="/" tstamps="/"/>
      <tstamps>cef9a739-793f-435a-bb5c-71cb499c1f0f</tstamps>
    </comp>
    <comp ref="J2">
      <value>SP</value>
      <footprint>Connector_PinHeader_2.54mm:PinHeader_1x02_P2.54mm_Vertical</footprint>
      <libsource lib="Connector" part="Screw_Terminal_01x02" description="Generic screw terminal, single row, 01x02, script generated (kicad-library-utils/schlib/autogen/connector/)"/>
      <property name="Sheetname" value=""/>
      <property name="Sheetfile" value="ftr105.kicad_sch"/>
      <sheetpath names="/" tstamps="/"/>
      <tstamps>5b44e9aa-cd86-411f-b515-5f59828e6989</tstamps>
    </comp>
    <comp ref="J3">
      <value>VCC5V</value>
      <footprint>Connector_PinHeader_2.54mm:PinHeader_1x02_P2.54mm_Vertical</footprint>
      <libsource lib="Connector" part="Screw_Terminal_01x02" description="Generic screw terminal, single row, 01x02, script generated (kicad-library-utils/schlib/autogen/connector/)"/>
      <property name="Sheetname" value=""/>
      <property name="Sheetfile" value="ftr105.kicad_sch"/>
      <sheetpath names="/" tstamps="/"/>
      <tstamps>8e1de856-3650-44fc-bdbc-9b70d85e955a</tstamps>
    </comp>
    <comp ref="J4">
      <value>HEAD_SET</value>
      <footprint>0oe_Library:MJ-4PP-9</footprint>
      <libsource lib="MJ-4PP-9" part="MJ-4PP-9" description=""/>
      <property name="Sheetname" value=""/>
      <property name="Sheetfile" value="ftr105.kicad_sch"/>
      <sheetpath names="/" tstamps="/"/>
      <tstamps>7b6f35d7-c116-4be4-998c-e962b9216092</tstamps>
    </comp>
    <comp ref="MIC_GAIN1">
      <value>1kB</value>
      <footprint>0oe_Library:TSR-3386T</footprint>
      <libsource lib="Device" part="R_Potentiometer" description="Potentiometer"/>
      <property name="Sheetname" value=""/>
      <property name="Sheetfile" value="ftr105.kicad_sch"/>
      <sheetpath names="/" tstamps="/"/>
      <tstamps>fa46122f-8a45-43c2-8971-fbc6c4f3e39f</tstamps>
    </comp>
    <comp ref="Q1">
      <value>2SC1815</value>
      <footprint>Package_TO_SOT_THT:TO-92_Inline_Wide</footprint>
      <datasheet>https://media.digikey.com/pdf/Data%20Sheets/Toshiba%20PDFs/2SC1815.pdf</datasheet>
      <libsource lib="Transistor_BJT" part="2SC1815" description="0.15A Ic, 50V Vce, Low Noise Audio NPN Transistor, TO-92"/>
      <property name="Sheetname" value=""/>
      <property name="Sheetfile" value="ftr105.kicad_sch"/>
      <sheetpath names="/" tstamps="/"/>
      <tstamps>7182f4f7-75eb-45ac-a4c0-af2b19ff81c2</tstamps>
    </comp>
    <comp ref="Q2">
      <value>2SC1815</value>
      <footprint>Package_TO_SOT_THT:TO-92_Inline_Wide</footprint>
      <datasheet>https://media.digikey.com/pdf/Data%20Sheets/Toshiba%20PDFs/2SC1815.pdf</datasheet>
      <libsource lib="Transistor_BJT" part="2SC1815" description="0.15A Ic, 50V Vce, Low Noise Audio NPN Transistor, TO-92"/>
      <property name="Sheetname" value=""/>
      <property name="Sheetfile" value="ftr105.kicad_sch"/>
      <sheetpath names="/" tstamps="/"/>
      <tstamps>fea8f0a7-ca99-4ed0-897c-351446823233</tstamps>
    </comp>
    <comp ref="R1">
      <value>10k</value>
      <footprint>Resistor_THT:R_Axial_DIN0204_L3.6mm_D1.6mm_P5.08mm_Horizontal</footprint>
      <libsource lib="Device" part="R" description="Resistor"/>
      <property name="Sheetname" value=""/>
      <property name="Sheetfile" value="ftr105.kicad_sch"/>
      <sheetpath names="/" tstamps="/"/>
      <tstamps>6916fcfa-a6d7-48cf-b3a0-131f8660bbb1</tstamps>
    </comp>
    <comp ref="R2">
      <value>1k</value>
      <footprint>Resistor_THT:R_Axial_DIN0204_L3.6mm_D1.6mm_P5.08mm_Horizontal</footprint>
      <libsource lib="Device" part="R" description="Resistor"/>
      <property name="Sheetname" value=""/>
      <property name="Sheetfile" value="ftr105.kicad_sch"/>
      <sheetpath names="/" tstamps="/"/>
      <tstamps>7b393c8a-04fb-4740-97a6-3e614dad2e3e</tstamps>
    </comp>
    <comp ref="R3">
      <value>3.3k</value>
      <footprint>Resistor_THT:R_Axial_DIN0204_L3.6mm_D1.6mm_P5.08mm_Horizontal</footprint>
      <libsource lib="Device" part="R" description="Resistor"/>
      <property name="Sheetname" value=""/>
      <property name="Sheetfile" value="ftr105.kicad_sch"/>
      <sheetpath names="/" tstamps="/"/>
      <tstamps>a62f1691-3b02-4157-93fc-43bf9d5d88a0</tstamps>
    </comp>
    <comp ref="R4">
      <value>47</value>
      <footprint>Resistor_THT:R_Axial_DIN0204_L3.6mm_D1.6mm_P5.08mm_Horizontal</footprint>
      <libsource lib="Device" part="R" description="Resistor"/>
      <property name="Sheetname" value=""/>
      <property name="Sheetfile" value="ftr105.kicad_sch"/>
      <sheetpath names="/" tstamps="/"/>
      <tstamps>8697f364-4eeb-4aa5-946a-54c801f27647</tstamps>
    </comp>
    <comp ref="R5">
      <value>1k</value>
      <footprint>Resistor_THT:R_Axial_DIN0204_L3.6mm_D1.6mm_P5.08mm_Horizontal</footprint>
      <libsource lib="Device" part="R" description="Resistor"/>
      <property name="Sheetname" value=""/>
      <property name="Sheetfile" value="ftr105.kicad_sch"/>
      <sheetpath names="/" tstamps="/"/>
      <tstamps>301bbeca-fb02-4a94-b50c-9223881625da</tstamps>
    </comp>
    <comp ref="R6">
      <value>10k</value>
      <footprint>Resistor_THT:R_Axial_DIN0204_L3.6mm_D1.6mm_P5.08mm_Horizontal</footprint>
      <libsource lib="Device" part="R" description="Resistor"/>
      <property name="Sheetname" value=""/>
      <property name="Sheetfile" value="ftr105.kicad_sch"/>
      <sheetpath names="/" tstamps="/"/>
      <tstamps>266e3bba-095d-4c7e-a334-d2acc8c5dfc8</tstamps>
    </comp>
    <comp ref="R7">
      <value>10k</value>
      <footprint>Resistor_THT:R_Axial_DIN0204_L3.6mm_D1.6mm_P5.08mm_Horizontal</footprint>
      <libsource lib="Device" part="R" description="Resistor"/>
      <property name="Sheetname" value=""/>
      <property name="Sheetfile" value="ftr105.kicad_sch"/>
      <sheetpath names="/" tstamps="/"/>
      <tstamps>92a47e74-bc11-4bdb-8f18-93c9546fa115</tstamps>
    </comp>
    <comp ref="R8">
      <value>1k</value>
      <footprint>Resistor_THT:R_Axial_DIN0204_L3.6mm_D1.6mm_P5.08mm_Horizontal</footprint>
      <libsource lib="Device" part="R" description="Resistor"/>
      <property name="Sheetname" value=""/>
      <property name="Sheetfile" value="ftr105.kicad_sch"/>
      <sheetpath names="/" tstamps="/"/>
      <tstamps>e64efb8d-df5b-4916-b773-5cdd21e5d4a6</tstamps>
    </comp>
    <comp ref="R9">
      <value>1k</value>
      <footprint>Resistor_THT:R_Axial_DIN0204_L3.6mm_D1.6mm_P5.08mm_Horizontal</footprint>
      <libsource lib="Device" part="R" description="Resistor"/>
      <property name="Sheetname" value=""/>
      <property name="Sheetfile" value="ftr105.kicad_sch"/>
      <sheetpath names="/" tstamps="/"/>
      <tstamps>4936d87d-0f0d-4bac-bdef-a263dbb09b49</tstamps>
    </comp>
    <comp ref="R10">
      <value>220k</value>
      <footprint>Resistor_THT:R_Axial_DIN0204_L3.6mm_D1.6mm_P5.08mm_Horizontal</footprint>
      <libsource lib="Device" part="R" description="Resistor"/>
      <property name="Sheetname" value=""/>
      <property name="Sheetfile" value="ftr105.kicad_sch"/>
      <sheetpath names="/" tstamps="/"/>
      <tstamps>f200cca2-0148-4900-817b-c5c37ddf5f1b</tstamps>
    </comp>
    <comp ref="R11">
      <value>1k</value>
      <footprint>Resistor_THT:R_Axial_DIN0204_L3.6mm_D1.6mm_P5.08mm_Horizontal</footprint>
      <libsource lib="Device" part="R" description="Resistor"/>
      <property name="Sheetname" value=""/>
      <property name="Sheetfile" value="ftr105.kicad_sch"/>
      <sheetpath names="/" tstamps="/"/>
      <tstamps>9874d4ff-681f-4918-8982-9d0280b7372b</tstamps>
    </comp>
    <comp ref="R12">
      <value>3.3k</value>
      <footprint>Resistor_THT:R_Axial_DIN0204_L3.6mm_D1.6mm_P5.08mm_Horizontal</footprint>
      <libsource lib="Device" part="R" description="Resistor"/>
      <property name="Sheetname" value=""/>
      <property name="Sheetfile" value="ftr105.kicad_sch"/>
      <sheetpath names="/" tstamps="/"/>
      <tstamps>c066cd7d-8290-4a60-bad8-b6ca2a3e6034</tstamps>
    </comp>
    <comp ref="R13">
      <value>10k</value>
      <footprint>Resistor_THT:R_Axial_DIN0204_L3.6mm_D1.6mm_P5.08mm_Horizontal</footprint>
      <libsource lib="Device" part="R" description="Resistor"/>
      <property name="Sheetname" value=""/>
      <property name="Sheetfile" value="ftr105.kicad_sch"/>
      <sheetpath names="/" tstamps="/"/>
      <tstamps>9380278b-061d-49ac-b6c0-b724bda051be</tstamps>
    </comp>
    <comp ref="R14">
      <value>47</value>
      <footprint>Resistor_THT:R_Axial_DIN0204_L3.6mm_D1.6mm_P5.08mm_Horizontal</footprint>
      <libsource lib="Device" part="R" description="Resistor"/>
      <property name="Sheetname" value=""/>
      <property name="Sheetfile" value="ftr105.kicad_sch"/>
      <sheetpath names="/" tstamps="/"/>
      <tstamps>e4bb7cfc-a9ad-4c87-b7fa-da8eca6975b9</tstamps>
    </comp>
    <comp ref="R15">
      <value>47</value>
      <footprint>Resistor_THT:R_Axial_DIN0204_L3.6mm_D1.6mm_P5.08mm_Horizontal</footprint>
      <libsource lib="Device" part="R" description="Resistor"/>
      <property name="Sheetname" value=""/>
      <property name="Sheetfile" value="ftr105.kicad_sch"/>
      <sheetpath names="/" tstamps="/"/>
      <tstamps>b52d6368-032b-450e-86e6-e4f4c87d3921</tstamps>
    </comp>
    <comp ref="R16">
      <value>1</value>
      <footprint>Resistor_THT:R_Axial_DIN0204_L3.6mm_D1.6mm_P5.08mm_Horizontal</footprint>
      <libsource lib="Device" part="R" description="Resistor"/>
      <property name="Sheetname" value=""/>
      <property name="Sheetfile" value="ftr105.kicad_sch"/>
      <sheetpath names="/" tstamps="/"/>
      <tstamps>5ccb1c7b-c163-43aa-82d8-ec7446bf4923</tstamps>
    </comp>
    <comp ref="SW1">
      <value>PTT</value>
      <footprint>Button_Switch_THT:SW_PUSH-12mm</footprint>
      <libsource lib="Switch" part="SW_Push" description="Push button switch, generic, two pins"/>
      <property name="Sheetname" value=""/>
      <property name="Sheetfile" value="ftr105.kicad_sch"/>
      <sheetpath names="/" tstamps="/"/>
      <tstamps>1190a9a4-0929-46e8-838d-361e7debde73</tstamps>
    </comp>
    <comp ref="SW2">
      <value>POWER</value>
      <footprint>0oe_Library:SK-12D11VG3</footprint>
      <libsource lib="Switch" part="SW_SPDT" description="Switch, single pole double throw"/>
      <property name="Sheetname" value=""/>
      <property name="Sheetfile" value="ftr105.kicad_sch"/>
      <sheetpath names="/" tstamps="/"/>
      <tstamps>c097debe-e454-4251-b206-03e8af27b926</tstamps>
    </comp>
    <comp ref="SW3">
      <value>MODE</value>
      <footprint>0oe_Library:SW_CuK_JS202011AQN_DPDT_Angled</footprint>
      <libsource lib="Switch" part="SW_DPDT_x2" description="Switch, dual pole double throw, separate symbols"/>
      <property name="Sheetname" value=""/>
      <property name="Sheetfile" value="ftr105.kicad_sch"/>
      <sheetpath names="/" tstamps="/"/>
      <tstamps>c15f4422-3df4-4a1a-8498-08566cedf340 3f41dc56-9fae-47eb-ae6d-85458cbbd54d</tstamps>
    </comp>
    <comp ref="U1">
      <value>XD555</value>
      <footprint>Package_DIP:DIP-8_W7.62mm</footprint>
      <datasheet>http://www.ti.com/lit/ds/symlink/lmc555.pdf</datasheet>
      <libsource lib="Timer" part="LMC555xN" description="CMOS Timer, 555 compatible, PDIP-8"/>
      <property name="Sheetname" value=""/>
      <property name="Sheetfile" value="ftr105.kicad_sch"/>
      <sheetpath names="/" tstamps="/"/>
      <tstamps>80f4bb3b-834b-48e7-915b-25704f0ac6e0</tstamps>
    </comp>
    <comp ref="U2">
      <value>LM358</value>
      <footprint>Package_DIP:DIP-8_W7.62mm</footprint>
      <datasheet>http://www.ti.com/lit/ds/symlink/lm2904-n.pdf</datasheet>
      <libsource lib="Amplifier_Operational" part="LM358" description="Low-Power, Dual Operational Amplifiers, DIP-8/SOIC-8/TO-99-8"/>
      <property name="Sheetname" value=""/>
      <property name="Sheetfile" value="ftr105.kicad_sch"/>
      <sheetpath names="/" tstamps="/"/>
      <tstamps>ee53aafb-c499-47ff-9fa5-77fe47485d73 cfa3111f-0202-4412-a89e-1e37cf87f17b 0707c631-df08-4a63-b820-069e1bcbb19c</tstamps>
    </comp>
    <comp ref="U3">
      <value>2073D</value>
      <footprint>Package_DIP:DIP-8_W7.62mm</footprint>
      <libsource lib="TDA2822" part="NJM2073D" description=""/>
      <property name="Sheetname" value=""/>
      <property name="Sheetfile" value="ftr105.kicad_sch"/>
      <sheetpath names="/" tstamps="/"/>
      <tstamps>48dfc23f-23b2-4c94-a361-b235fa039054</tstamps>
    </comp>
  </components>
  <libparts>
    <libpart lib="Amplifier_Operational" part="LM358">
      <description>Low-Power, Dual Operational Amplifiers, DIP-8/SOIC-8/TO-99-8</description>
      <docs>http://www.ti.com/lit/ds/symlink/lm2904-n.pdf</docs>
      <footprints>
        <fp>SOIC*3.9x4.9mm*P1.27mm*</fp>
        <fp>DIP*W7.62mm*</fp>
        <fp>TO*99*</fp>
        <fp>OnSemi*Micro8*</fp>
        <fp>TSSOP*3x3mm*P0.65mm*</fp>
        <fp>TSSOP*4.4x3mm*P0.65mm*</fp>
        <fp>MSOP*3x3mm*P0.65mm*</fp>
        <fp>SSOP*3.9x4.9mm*P0.635mm*</fp>
        <fp>LFCSP*2x2mm*P0.5mm*</fp>
        <fp>*SIP*</fp>
        <fp>SOIC*5.3x6.2mm*P1.27mm*</fp>
      </footprints>
      <fields>
        <field name="Reference">U</field>
        <field name="Value">LM358</field>
        <field name="Datasheet">http://www.ti.com/lit/ds/symlink/lm2904-n.pdf</field>
      </fields>
      <pins>
        <pin num="1" name="" type="output"/>
        <pin num="2" name="-" type="input"/>
        <pin num="3" name="+" type="input"/>
        <pin num="4" name="V-" type="power_in"/>
        <pin num="5" name="+" type="input"/>
        <pin num="6" name="-" type="input"/>
        <pin num="7" name="" type="output"/>
        <pin num="8" name="V+" type="power_in"/>
      </pins>
    </libpart>
    <libpart lib="Connector" part="AudioJack3">
      <description>Audio Jack, 3 Poles (Stereo / TRS)</description>
      <docs>~</docs>
      <footprints>
        <fp>Jack*</fp>
      </footprints>
      <fields>
        <field name="Reference">J</field>
        <field name="Value">AudioJack3</field>
        <field name="Datasheet">~</field>
      </fields>
      <pins>
        <pin num="R" name="" type="passive"/>
        <pin num="S" name="" type="passive"/>
        <pin num="T" name="" type="passive"/>
      </pins>
    </libpart>
    <libpart lib="Connector" part="Screw_Terminal_01x02">
      <description>Generic screw terminal, single row, 01x02, script generated (kicad-library-utils/schlib/autogen/connector/)</description>
      <docs>~</docs>
      <footprints>
        <fp>TerminalBlock*:*</fp>
      </footprints>
      <fields>
        <field name="Reference">J</field>
        <field name="Value">Screw_Terminal_01x02</field>
        <field name="Datasheet">~</field>
      </fields>
      <pins>
        <pin num="1" name="Pin_1" type="passive"/>
        <pin num="2" name="Pin_2" type="passive"/>
      </pins>
    </libpart>
    <libpart lib="Device" part="C">
      <description>Unpolarized capacitor</description>
      <docs>~</docs>
      <footprints>
        <fp>C_*</fp>
      </footprints>
      <fields>
        <field name="Reference">C</field>
        <field name="Value">C</field>
        <field name="Datasheet">~</field>
      </fields>
      <pins>
        <pin num="1" name="" type="passive"/>
        <pin num="2" name="" type="passive"/>
      </pins>
    </libpart>
    <libpart lib="Device" part="C_Polarized">
      <description>Polarized capacitor</description>
      <docs>~</docs>
      <footprints>
        <fp>CP_*</fp>
      </footprints>
      <fields>
        <field name="Reference">C</field>
        <field name="Value">C_Polarized</field>
        <field name="Datasheet">~</field>
      </fields>
      <pins>
        <pin num="1" name="" type="passive"/>
        <pin num="2" name="" type="passive"/>
      </pins>
    </libpart>
    <libpart lib="Device" part="D_Photo">
      <description>Photodiode</description>
      <docs>~</docs>
      <fields>
        <field name="Reference">D</field>
        <field name="Value">D_Photo</field>
        <field name="Datasheet">~</field>
      </fields>
      <pins>
        <pin num="1" name="K" type="passive"/>
        <pin num="2" name="A" type="passive"/>
      </pins>
    </libpart>
    <libpart lib="Device" part="LED">
      <description>Light emitting diode</description>
      <docs>~</docs>
      <footprints>
        <fp>LED*</fp>
        <fp>LED_SMD:*</fp>
        <fp>LED_THT:*</fp>
      </footprints>
      <fields>
        <field name="Reference">D</field>
        <field name="Value">LED</field>
        <field name="Datasheet">~</field>
      </fields>
      <pins>
        <pin num="1" name="K" type="passive"/>
        <pin num="2" name="A" type="passive"/>
      </pins>
    </libpart>
    <libpart lib="Device" part="R">
      <description>Resistor</description>
      <docs>~</docs>
      <footprints>
        <fp>R_*</fp>
      </footprints>
      <fields>
        <field name="Reference">R</field>
        <field name="Value">R</field>
        <field name="Datasheet">~</field>
      </fields>
      <pins>
        <pin num="1" name="" type="passive"/>
        <pin num="2" name="" type="passive"/>
      </pins>
    </libpart>
    <libpart lib="Device" part="R_Potentiometer">
      <description>Potentiometer</description>
      <docs>~</docs>
      <footprints>
        <fp>Potentiometer*</fp>
      </footprints>
      <fields>
        <field name="Reference">RV</field>
        <field name="Value">R_Potentiometer</field>
        <field name="Datasheet">~</field>
      </fields>
      <pins>
        <pin num="1" name="1" type="passive"/>
        <pin num="2" name="2" type="passive"/>
        <pin num="3" name="3" type="passive"/>
      </pins>
    </libpart>
    <libpart lib="MJ-4PP-9" part="MJ-4PP-9">
      <fields>
        <field name="Reference">J</field>
        <field name="Value">MJ-4PP-9</field>
      </fields>
      <pins>
        <pin num="1" name="A" type="input"/>
        <pin num="2" name="B" type="input"/>
        <pin num="3" name="C" type="input"/>
        <pin num="4" name="D" type="input"/>
      </pins>
    </libpart>
    <libpart lib="Switch" part="SW_DPDT_x2">
      <description>Switch, dual pole double throw, separate symbols</description>
      <docs>~</docs>
      <footprints>
        <fp>SW*DPDT*</fp>
      </footprints>
      <fields>
        <field name="Reference">SW</field>
        <field name="Value">SW_DPDT_x2</field>
        <field name="Datasheet">~</field>
      </fields>
      <pins>
        <pin num="1" name="A" type="passive"/>
        <pin num="2" name="B" type="passive"/>
        <pin num="3" name="C" type="passive"/>
        <pin num="4" name="A" type="passive"/>
        <pin num="5" name="B" type="passive"/>
        <pin num="6" name="C" type="passive"/>
      </pins>
    </libpart>
    <libpart lib="Switch" part="SW_Push">
      <description>Push button switch, generic, two pins</description>
      <docs>~</docs>
      <fields>
        <field name="Reference">SW</field>
        <field name="Value">SW_Push</field>
        <field name="Datasheet">~</field>
      </fields>
      <pins>
        <pin num="1" name="1" type="passive"/>
        <pin num="2" name="2" type="passive"/>
      </pins>
    </libpart>
    <libpart lib="Switch" part="SW_SPDT">
      <description>Switch, single pole double throw</description>
      <docs>~</docs>
      <fields>
        <field name="Reference">SW</field>
        <field name="Value">SW_SPDT</field>
        <field name="Datasheet">~</field>
      </fields>
      <pins>
        <pin num="1" name="A" type="passive"/>
        <pin num="2" name="B" type="passive"/>
        <pin num="3" name="C" type="passive"/>
      </pins>
    </libpart>
    <libpart lib="TDA2822" part="NJM2073D">
      <fields>
        <field name="Reference">U</field>
        <field name="Value">NJM2073D</field>
      </fields>
      <pins>
        <pin num="1" name="OUTA" type="bidirectional"/>
        <pin num="2" name="VCC" type="bidirectional"/>
        <pin num="3" name="OUTB" type="bidirectional"/>
        <pin num="4" name="GND" type="bidirectional"/>
        <pin num="5" name="INB-" type="bidirectional"/>
        <pin num="6" name="INB+" type="bidirectional"/>
        <pin num="7" name="INA+" type="bidirectional"/>
        <pin num="8" name="INA-" type="bidirectional"/>
      </pins>
    </libpart>
    <libpart lib="Timer" part="LMC555xN">
      <description>CMOS Timer, 555 compatible, PDIP-8</description>
      <docs>http://www.ti.com/lit/ds/symlink/lmc555.pdf</docs>
      <footprints>
        <fp>DIP*W7.62mm*</fp>
      </footprints>
      <fields>
        <field name="Reference">U</field>
        <field name="Value">LMC555xN</field>
        <field name="Footprint">Package_DIP:DIP-8_W7.62mm</field>
        <field name="Datasheet">http://www.ti.com/lit/ds/symlink/lmc555.pdf</field>
      </fields>
      <pins>
        <pin num="1" name="GND" type="power_in"/>
        <pin num="2" name="TR" type="input"/>
        <pin num="3" name="Q" type="output"/>
        <pin num="4" name="R" type="input"/>
        <pin num="5" name="CV" type="input"/>
        <pin num="6" name="THR" type="input"/>
        <pin num="7" name="DIS" type="input"/>
        <pin num="8" name="VCC" type="power_in"/>
      </pins>
    </libpart>
    <libpart lib="Transistor_BJT" part="2SC1815">
      <description>0.15A Ic, 50V Vce, Low Noise Audio NPN Transistor, TO-92</description>
      <docs>https://media.digikey.com/pdf/Data%20Sheets/Toshiba%20PDFs/2SC1815.pdf</docs>
      <footprints>
        <fp>TO?92*</fp>
      </footprints>
      <fields>
        <field name="Reference">Q</field>
        <field name="Value">2SC1815</field>
        <field name="Footprint">Package_TO_SOT_THT:TO-92_Inline</field>
        <field name="Datasheet">https://media.digikey.com/pdf/Data%20Sheets/Toshiba%20PDFs/2SC1815.pdf</field>
      </fields>
      <pins>
        <pin num="1" name="E" type="passive"/>
        <pin num="2" name="C" type="passive"/>
        <pin num="3" name="B" type="input"/>
      </pins>
    </libpart>
  </libparts>
  <libraries>
    <library logical="Amplifier_Operational">
      <uri>C:\KiCad6\share\kicad\symbols\/Amplifier_Operational.kicad_sym</uri>
    </library>
    <library logical="Connector">
      <uri>C:\KiCad6\share\kicad\symbols\/Connector.kicad_sym</uri>
    </library>
    <library logical="Device">
      <uri>C:\KiCad6\share\kicad\symbols\/Device.kicad_sym</uri>
    </library>
    <library logical="MJ-4PP-9">
      <uri>R:/DOC/KiCad6/Library/kicad-MJ-4PP-9-master/kicad-MJ-4PP-9-master/MJ-4PP-9-symbol/MJ-4PP-9.lib</uri>
    </library>
    <library logical="Switch">
      <uri>C:\KiCad6\share\kicad\symbols\/Switch.kicad_sym</uri>
    </library>
    <library logical="TDA2822">
      <uri>R:/DOC/KiCad6/Library/TDA2822/TDA2822.kicad_sym</uri>
    </library>
    <library logical="Timer">
      <uri>C:\KiCad6\share\kicad\symbols\/Timer.kicad_sym</uri>
    </library>
    <library logical="Transistor_BJT">
      <uri>C:\KiCad6\share\kicad\symbols\/Transistor_BJT.kicad_sym</uri>
    </library>
  </libraries>
  <nets>
    <net code="1" name="GND">
      <node ref="AF_GAIN1" pin="3" pinfunction="3" pintype="passive"/>
      <node ref="C1" pin="2" pintype="passive"/>
      <node ref="C11" pin="2" pintype="passive"/>
      <node ref="C12" pin="2" pintype="passive"/>
      <node ref="C3" pin="2" pintype="passive"/>
      <node ref="C5" pin="2" pintype="passive"/>
      <node ref="C6" pin="2" pintype="passive"/>
      <node ref="C7" pin="2" pintype="passive"/>
      <node ref="C8" pin="2" pintype="passive"/>
      <node ref="D3" pin="1" pinfunction="K" pintype="passive"/>
      <node ref="J1" pin="S" pintype="passive"/>
      <node ref="J2" pin="2" pinfunction="Pin_2" pintype="passive"/>
      <node ref="J3" pin="2" pinfunction="Pin_2" pintype="passive"/>
      <node ref="J4" pin="2" pinfunction="B" pintype="input"/>
      <node ref="Q1" pin="1" pinfunction="E" pintype="passive"/>
      <node ref="R11" pin="1" pintype="passive"/>
      <node ref="R16" pin="1" pintype="passive"/>
      <node ref="R7" pin="2" pintype="passive"/>
      <node ref="SW1" pin="1" pinfunction="1" pintype="passive"/>
      <node ref="SW3" pin="2" pinfunction="B" pintype="passive"/>
      <node ref="U1" pin="1" pinfunction="GND" pintype="power_in"/>
      <node ref="U2" pin="4" pinfunction="V-" pintype="power_in"/>
      <node ref="U3" pin="4" pinfunction="GND" pintype="bidirectional"/>
    </net>
    <net code="2" name="Net-(AF_GAIN1-Pad1)">
      <node ref="AF_GAIN1" pin="1" pinfunction="1" pintype="passive"/>
      <node ref="C4" pin="2" pintype="passive"/>
    </net>
    <net code="3" name="Net-(AF_GAIN1-Pad2)">
      <node ref="AF_GAIN1" pin="2" pinfunction="2" pintype="passive"/>
      <node ref="U3" pin="6" pinfunction="INB+" pintype="bidirectional"/>
    </net>
    <net code="4" name="Net-(C1-Pad1)">
      <node ref="C1" pin="1" pintype="passive"/>
      <node ref="SW3" pin="4" pinfunction="A" pintype="passive"/>
    </net>
    <net code="5" name="Net-(C2-Pad2)">
      <node ref="C2" pin="2" pintype="passive"/>
      <node ref="SW3" pin="1" pinfunction="A" pintype="passive"/>
    </net>
    <net code="6" name="Net-(C3-Pad1)">
      <node ref="C3" pin="1" pintype="passive"/>
      <node ref="D2" pin="1" pinfunction="K" pintype="passive"/>
      <node ref="Q2" pin="1" pinfunction="E" pintype="passive"/>
    </net>
    <net code="7" name="Net-(C4-Pad1)">
      <node ref="C4" pin="1" pintype="passive"/>
      <node ref="D2" pin="2" pinfunction="A" pintype="passive"/>
      <node ref="R11" pin="2" pintype="passive"/>
    </net>
    <net code="8" name="Net-(C5-Pad1)">
      <node ref="C5" pin="1" pintype="passive"/>
      <node ref="Q2" pin="3" pinfunction="B" pintype="input"/>
      <node ref="R13" pin="1" pintype="passive"/>
    </net>
    <net code="9" name="Net-(C6-Pad1)">
      <node ref="C6" pin="1" pintype="passive"/>
      <node ref="U3" pin="5" pinfunction="INB-" pintype="bidirectional"/>
    </net>
    <net code="10" name="Net-(C9-Pad2)">
      <node ref="C9" pin="2" pintype="passive"/>
      <node ref="R16" pin="2" pintype="passive"/>
    </net>
    <net code="11" name="Net-(C10-Pad1)">
      <node ref="C10" pin="1" pintype="passive"/>
      <node ref="C9" pin="1" pintype="passive"/>
      <node ref="U3" pin="3" pinfunction="OUTB" pintype="bidirectional"/>
    </net>
    <net code="12" name="Net-(C10-Pad2)">
      <node ref="C10" pin="2" pintype="passive"/>
      <node ref="J2" pin="1" pinfunction="Pin_1" pintype="passive"/>
      <node ref="R14" pin="1" pintype="passive"/>
      <node ref="R15" pin="1" pintype="passive"/>
    </net>
    <net code="13" name="Net-(C11-Pad1)">
      <node ref="C11" pin="1" pintype="passive"/>
      <node ref="MIC_GAIN1" pin="3" pinfunction="3" pintype="passive"/>
      <node ref="R5" pin="1" pintype="passive"/>
    </net>
    <net code="14" name="Net-(C12-Pad1)">
      <node ref="C12" pin="1" pintype="passive"/>
      <node ref="R6" pin="2" pintype="passive"/>
      <node ref="R7" pin="1" pintype="passive"/>
      <node ref="U2" pin="3" pinfunction="+" pintype="input"/>
    </net>
    <net code="15" name="Net-(C13-Pad1)">
      <node ref="C13" pin="1" pintype="passive"/>
      <node ref="MIC_GAIN1" pin="2" pinfunction="2" pintype="passive"/>
    </net>
    <net code="16" name="Net-(C13-Pad2)">
      <node ref="C13" pin="2" pintype="passive"/>
      <node ref="C14" pin="2" pintype="passive"/>
      <node ref="R9" pin="1" pintype="passive"/>
    </net>
    <net code="17" name="Net-(C14-Pad1)">
      <node ref="C14" pin="1" pintype="passive"/>
      <node ref="R10" pin="1" pintype="passive"/>
      <node ref="R9" pin="2" pintype="passive"/>
      <node ref="U2" pin="6" pinfunction="-" pintype="input"/>
    </net>
    <net code="18" name="Net-(C15-Pad1)">
      <node ref="C15" pin="1" pintype="passive"/>
      <node ref="SW3" pin="6" pinfunction="C" pintype="passive"/>
    </net>
    <net code="19" name="Net-(C15-Pad2)">
      <node ref="C15" pin="2" pintype="passive"/>
      <node ref="R10" pin="2" pintype="passive"/>
      <node ref="U2" pin="7" pintype="output"/>
    </net>
    <net code="20" name="Net-(C16-Pad1)">
      <node ref="C16" pin="1" pintype="passive"/>
      <node ref="C2" pin="1" pintype="passive"/>
      <node ref="Q1" pin="2" pinfunction="C" pintype="passive"/>
      <node ref="R3" pin="1" pintype="passive"/>
      <node ref="U1" pin="2" pinfunction="TR" pintype="input"/>
      <node ref="U1" pin="6" pinfunction="THR" pintype="input"/>
    </net>
    <net code="21" name="Net-(C16-Pad2)">
      <node ref="C16" pin="2" pintype="passive"/>
      <node ref="SW3" pin="3" pinfunction="C" pintype="passive"/>
    </net>
    <net code="22" name="Net-(D1-Pad1)">
      <node ref="D1" pin="1" pinfunction="K" pintype="passive"/>
      <node ref="R4" pin="2" pintype="passive"/>
    </net>
    <net code="23" name="Net-(D3-Pad2)">
      <node ref="D3" pin="2" pinfunction="A" pintype="passive"/>
      <node ref="R12" pin="2" pintype="passive"/>
    </net>
    <net code="24" name="Net-(J1-PadT)">
      <node ref="J1" pin="T" pintype="passive"/>
      <node ref="Q1" pin="3" pinfunction="B" pintype="input"/>
      <node ref="R1" pin="2" pintype="passive"/>
      <node ref="SW1" pin="2" pinfunction="2" pintype="passive"/>
    </net>
    <net code="25" name="Net-(J3-Pad1)">
      <node ref="J3" pin="1" pinfunction="Pin_1" pintype="passive"/>
      <node ref="SW2" pin="2" pinfunction="B" pintype="passive"/>
    </net>
    <net code="26" name="Net-(J4-Pad1)">
      <node ref="J4" pin="1" pinfunction="A" pintype="input"/>
      <node ref="MIC_GAIN1" pin="1" pinfunction="1" pintype="passive"/>
    </net>
    <net code="27" name="Net-(J4-Pad3)">
      <node ref="J4" pin="3" pinfunction="C" pintype="input"/>
      <node ref="R15" pin="2" pintype="passive"/>
    </net>
    <net code="28" name="Net-(J4-Pad4)">
      <node ref="J4" pin="4" pinfunction="D" pintype="input"/>
      <node ref="R14" pin="2" pintype="passive"/>
    </net>
    <net code="29" name="Net-(R2-Pad1)">
      <node ref="R2" pin="1" pintype="passive"/>
      <node ref="R3" pin="2" pintype="passive"/>
      <node ref="U1" pin="7" pinfunction="DIS" pintype="input"/>
    </net>
    <net code="30" name="Net-(R4-Pad1)">
      <node ref="R4" pin="1" pintype="passive"/>
      <node ref="U1" pin="3" pinfunction="Q" pintype="output"/>
    </net>
    <net code="31" name="Net-(R8-Pad1)">
      <node ref="R8" pin="1" pintype="passive"/>
      <node ref="U2" pin="1" pintype="output"/>
      <node ref="U2" pin="2" pinfunction="-" pintype="input"/>
    </net>
    <net code="32" name="Net-(R8-Pad2)">
      <node ref="R8" pin="2" pintype="passive"/>
      <node ref="U2" pin="5" pinfunction="+" pintype="input"/>
    </net>
    <net code="33" name="Net-(SW3-Pad5)">
      <node ref="SW3" pin="5" pinfunction="B" pintype="passive"/>
      <node ref="U1" pin="5" pinfunction="CV" pintype="input"/>
    </net>
    <net code="34" name="VCC">
      <node ref="C7" pin="1" pintype="passive"/>
      <node ref="C8" pin="1" pintype="passive"/>
      <node ref="D1" pin="2" pinfunction="A" pintype="passive"/>
      <node ref="Q2" pin="2" pinfunction="C" pintype="passive"/>
      <node ref="R1" pin="1" pintype="passive"/>
      <node ref="R12" pin="1" pintype="passive"/>
      <node ref="R13" pin="2" pintype="passive"/>
      <node ref="R2" pin="2" pintype="passive"/>
      <node ref="R5" pin="2" pintype="passive"/>
      <node ref="R6" pin="1" pintype="passive"/>
      <node ref="SW2" pin="1" pinfunction="A" pintype="passive"/>
      <node ref="U1" pin="4" pinfunction="R" pintype="input"/>
      <node ref="U1" pin="8" pinfunction="VCC" pintype="power_in"/>
      <node ref="U2" pin="8" pinfunction="V+" pintype="power_in"/>
      <node ref="U3" pin="2" pinfunction="VCC" pintype="bidirectional"/>
    </net>
    <net code="35" name="unconnected-(J1-PadR)">
      <node ref="J1" pin="R" pintype="passive+no_connect"/>
    </net>
    <net code="36" name="unconnected-(SW2-Pad3)">
      <node ref="SW2" pin="3" pinfunction="C" pintype="passive+no_connect"/>
    </net>
    <net code="37" name="unconnected-(U3-Pad1)">
      <node ref="U3" pin="1" pinfunction="OUTA" pintype="bidirectional+no_connect"/>
    </net>
    <net code="38" name="unconnected-(U3-Pad7)">
      <node ref="U3" pin="7" pinfunction="INA+" pintype="bidirectional+no_connect"/>
    </net>
    <net code="39" name="unconnected-(U3-Pad8)">
      <node ref="U3" pin="8" pinfunction="INA-" pintype="bidirectional+no_connect"/>
    </net>
  </nets>
</export>
